sounclass_id,species_name,sound_class,scientific_name,freq_low,freq_high
1,黑冠麻鷺,S-01,Gorsachius melanolophus,217,530
2,黑冠麻鷺,U-01,Gorsachius melanolophus,256,475
3,黑冠麻鷺,U-02,Gorsachius melanolophus,0,10000
4,黑冠麻鷺,U-03,Gorsachius melanolophus,0,10000
5,八色鳥,C-01,Pitta nympha,804,8561
8,白耳畫眉,C-02,Heterophasia auricularis,1661,7861
10,白耳畫眉,U,Heterophasia auricularis,0,10000
58,綠畫眉,C-01,Erpornis zantholeuca,4347,6407
89,朱鸝,Ca-01,Oriolus traillii,620,3674
112,大赤啄木,O-01,Dendrocopos leucotos,300,2480
124,犬,C-01,Canis lupus familiaris,395,918
135,栗背林鴝,S-01,Tarsiger johnstoniae,2538,6792
146,小彎嘴,S-05,Pomatorhinus musicus,0,10000
155,緋秧雞,C-02,Zapornia fusca,1085,1954
158,臺灣叢樹鶯,C-01,Locustella alishanensis,1509,8954
169,大彎嘴,S-05,Megapomatorhinus erythrocnemis,1201,2031
179,臺灣噪眉,Cc-01,Trochalopteron morrisonianum,0,10000
180,臺灣噪眉,Cc-02,Trochalopteron morrisonianum,0,10000
181,臺灣噪眉,Cc-03,Trochalopteron morrisonianum,0,10000
183,臺灣噪眉,S-02,Trochalopteron morrisonianum,0,10000
187,黃山雀,S-02,Machlolophus holsti,1804,7280
188,黃山雀,S-03,Machlolophus holsti,0,10000
189,黃山雀,S-04,Machlolophus holsti,2346,6499
190,黃山雀,U-01,Machlolophus holsti,0,10000
191,黃山雀,U-02,Machlolophus holsti,0,10000
192,黃山雀,U-03,Machlolophus holsti,0,10000
193,黃山雀,U-04,Machlolophus holsti,0,10000
194,黃山雀,U-05,Machlolophus holsti,0,10000
195,黃山雀,U-06,Machlolophus holsti,0,10000
196,棕面鶯,Ca,Abroscopus albogularis,1536,8907
197,棕面鶯,Cc,Abroscopus albogularis,4438,4743
200,小雨燕,U-01,Apus nipalensis,0,10000
201,小雨燕,U-02,Apus nipalensis,0,10000
202,野鴝,Ca-01,Calliope calliope,0,10000
203,野鴝,Cb-01,Calliope calliope,946,4768
204,山紅頭,Ca-01,Cyanoderma ruficeps,2547,3507
205,山紅頭,Cb-01,Cyanoderma ruficeps,1538,10031
206,山紅頭,Cc,Cyanoderma ruficeps,1436,3479
208,小啄木,C-01,Dendrocopos canicapillus,2004,8837
210,小啄木,C-03,Dendrocopos canicapillus,0,10000
211,小啄木,U-01,Dendrocopos canicapillus,156,2440
217,深山鶯,U-01,Horornis acanthizoides,0,10000
218,紅尾伯勞,Ca-01,Lanius cristatus,0,10000
219,紅尾伯勞,Ca-02,Lanius cristatus,0,10000
226,頭烏線,Ca-01,Schoeniparus brunneus,1286,4092
227,頭烏線,Cb-01,Schoeniparus brunneus,2018,6223
229,白眉林鴝,C-03,Tarsiger indicus,0,10000
230,白眉林鴝,Ca-01,Tarsiger indicus,3275,4384
231,白眉林鴝,Cb-01,Tarsiger indicus,978,4370
233,白眉林鴝,S-02,Tarsiger indicus,0,10000
234,斯氏繡眼,Ca,Zosterops simplex,3590,7618
236,斯氏繡眼,Sa,Zosterops simplex,3904,6777
237,斯氏繡眼,Sb,Zosterops simplex,0,10000
239,盤古蟾蜍,S-01,Bufo bankorensis,178,8964
240,中國樹蟾,S-01,Hyla chinensis,1738,5267
241,巴氏小雨蛙,S-01,Microhyla butleri,0,10000
242,黑蒙西氏小雨蛙,S-01,Microhyla heymonsi,645,5787
243,史丹吉氏小雨蛙,S-01,Micryletta steinegeri,4151,6817
244,腹斑蛙,S-01,Babina adenopleura,528,3470
245,福建大頭蛙,S-01,Limnonectes fujianensis,184,2504
246,澤蛙,S-01,Fejervarya kawamurai,832,5712
247,長腳赤蛙,S-01,Rana longicrus,771,1767
248,梭德氏赤蛙,S-01,Pseudoamolops sauteri,465,6000
249,周氏樹蛙,S-01,Buergeria choui,1580,5902
250,褐樹蛙,S-01,Buergeria robusta,943,4777
251,艾氏樹蛙,S-01,Kurixalus eiffingeri,2290,4479
252,面天樹蛙,S-01,Kurixalus idiootocus,2188,2521
253,斑腿樹蛙,S-01,Polypedates megacephalus,112,5724
254,諸羅樹蛙,S-01,Rhacophorus arvalis,1793,3540
255,橙腹樹蛙,S-01,Rhacophorus aurantiventris,600,3223
258,臺北樹蛙,S-01,Rhacophorus taipeianus,1130,2175
269,爪哇狹口蛙,S-01,Kaloula baleata,0,10000
280,臺灣山鷓鴣,S-02,Arborophila crudigularis,1246,1682
304,棕三趾鶉,S-01,Turnix suscitator,155,438
315,金背鳩,S-01,Streptopelia orientalis,364,702
326,綠啄木,O-01,Picus canus,414,1923
337,灰喉山椒,C-01,Pericrocotus solaris,4419,6820
348,河烏,S-01,Cinclus pallasii,3190,5657
358,鉛色水鶇,Ca-01,Phoenicurus fuliginosus,4555,4927
359,鉛色水鶇,Cb-01,Phoenicurus fuliginosus,5192,6153
360,鉛色水鶇,Cc-01,Phoenicurus fuliginosus,4563,5584
371,白氏地鶇,S-01,Zoothera aurea,2146,2498
372,白頭鶇,S-01,Turdus niveiceps,2078,4760
375,褐頭花翼,S-01,Fulvetta formosana,3888,7044
376,褐頭花翼,Ca-01,Fulvetta formosana,5034,7442
377,褐頭花翼,Cb-01,Fulvetta formosana,6502,7765
379,煤山雀,Ca-01,Periparus ater,4674,8169
380,煤山雀,Cb-01,Periparus ater,0,10000
384,白鶺鴒,Cb-01,Motacilla alba,4630,6213
388,黃羽鸚嘴,Cb-01,Suthora verreauxi,2804,4085
389,黃羽鸚嘴,Cc-01,Suthora verreauxi,0,10000
390,臺灣白喉噪眉,U-01,Ianthocincla ruficeps,3467,4435
391,黑喉噪眉,S-01,Ianthocincla chinensis,678,1817
392,黑喉噪眉,S-02,Ianthocincla chinensis,897,2481
393,黑喉噪眉,S-03,Ianthocincla chinensis,1176,2180
394,黑喉噪眉,S-04,Ianthocincla chinensis,1210,2218
395,黑喉噪眉,S-05,Ianthocincla chinensis,711,4380
397,棕噪眉,Ca-01,Ianthocincla poecilorhyncha,1257,2011
398,棕噪眉,Cb-01,Ianthocincla poecilorhyncha,2301,3130
399,棕噪眉,U-01,Ianthocincla poecilorhyncha,1587,2049
400,臺灣畫眉,S-01,Garrulax taewanus,1863,3609
404,臺灣鷦眉,Ca-01,Pnoepyga formosana,2708,7825
405,短尾鶯,Cb-01,Urosphena squameiceps,7316,9221
406,東方大葦鶯,S-01,Acrocephalus orientalis,1711,5713
407,東方大葦鶯,Ca-01,Acrocephalus orientalis,1713,6681
411,棕扇尾鶯,C-01,Cisticola juncidis,4791,7739
413,黃頭扇尾鶯,Ca-01,Cisticola exilis,2993,7915
415,白鶺鴒,Ce-01,Motacilla alba,4760,6180
421,褐頭鷦鶯,Cb-01,Prinia inornata,4255,6642
422,火冠戴菊鳥,S-01,Regulus goodfellowi,7300,9024
423,火冠戴菊鳥,Ca-01,Regulus goodfellowi,7690,10222
424,火冠戴菊鳥,Cb-01,Regulus goodfellowi,7654,8614
425,火冠戴菊鳥,Cc-01,Regulus goodfellowi,3107,8139
426,青背山雀,C-01,Parus monticolus,2362,7580
427,青背山雀,U-01,Parus monticolus,2894,7943
428,青背山雀,S-02,Parus monticolus,2477,7516
429,青背山雀,C-02,Parus monticolus,2501,9675
433,茶腹鳾,S-02,Sitta europaea,0,10000
434,茶腹鳾,S-03,Sitta europaea,2702,4129
409,條紋松鼠,C-01,Tamiops maritimus formosanus,6802,8812
293,臺灣獼猴,C-01,Macaca cyclopis,469,1050
408,小彎嘴,C-02,Pomatorhinus musicus,977,2617
382,智人,rooster,Homo sapiens,515,1053
492,棕耳鵯,C-01,Hypsipetes amaurotis,0,10000
493,棕耳鵯,C-02,Hypsipetes amaurotis,0,10000
494,棕耳鵯,C-03,Hypsipetes amaurotis,2933,4555
381,草鴞,C-01,Tyto longimembris,1723,2524
186,黃山雀,S-01,Machlolophus holsti,1735,6993
11,黃眉柳鶯,C-01,Phylloscopus inornatus,4271,7270
12,黃眉柳鶯,S-01,Phylloscopus inornatus,3857,9076
13,黃眉柳鶯,S-02,Phylloscopus inornatus,3747,7668
15,鷹鵑,U-01,Hierococcyx sparverioides,1341,2257
18,北方中杜鵑,C-03,Cuculus optatus,495,1197
23,繡眼畫眉,S-03,Alcippe morrisonia,2542,4700
24,遠東樹鶯,C-01,Horornis borealis,1311,8745
26,遠東樹鶯,S-01,Horornis borealis,1057,5161
378,煤山雀,S-01,Periparus ater,3924,6640
14,鷹鵑,S-01,Hierococcyx sparverioides,1469,2950
27,五色鳥,C-01,Psilopogon nuchalis,752,3320
198,棕面鶯,S-01,Abroscopus albogularis,4655,4984
214,深山鶯,S-01a,Horornis acanthizoides,4732,5610
7,白耳畫眉,C-01,Heterophasia auricularis,2042,6559
31,翠鳥,U,Alcedo atthis,0,10000
32,翠鳥,U-01,Alcedo atthis,4574,6798
420,褐頭鷦鶯,C-01,Prinia inornata,4485,6118
228,頭烏線,S-01,Schoeniparus brunneus,2285,3666
417,斑紋鷦鶯,C-01,Prinia crinigera,3589,7544
221,灰頭鷦鶯,C-01,Prinia flaviventris,0,10000
29,五色鳥,U-01,Psilopogon nuchalis,852,1256
232,白眉林鴝,S-01,Tarsiger indicus,2450,4467
402,紋翼畫眉,U-01,Actinodura morrisoniana,2189,2981
77,紅嘴黑鵯,S-01,Hypsipetes leucocephalus,2587,5316
20,繡眼畫眉,C-01,Alcippe morrisonia,3350,9638
430,赤腹山雀,S-01,Sittiparus castaneoventris,5802,8258
386,粉紅鸚嘴,C-02,Sinosuthora webbiana,3634,5048
396,棕噪眉,S-01,Ianthocincla poecilorhyncha,1402,2242
33,野鴝,C-01,Calliope calliope,0,10000
35,野鴝,C-03,Calliope calliope,517,13691
36,野鴝,S-01,Calliope calliope,0,10000
37,野鴝,U-01,Calliope calliope,0,10000
38,南亞夜鷹,C-01,Caprimulgus affinis,987,8202
43,樹鵲,U-01,Dendrocitta formosae,0,10000
44,樹鵲,U-02,Dendrocitta formosae,0,10000
45,樹鵲,Ua-01,Dendrocitta formosae,0,10000
46,小卷尾,C-01,Dicrurus aeneus,0,10000
48,小卷尾,C-03,Dicrurus aeneus,2432,6082
49,小卷尾,C-04,Dicrurus aeneus,0,10000
50,小卷尾,Ca-01,Dicrurus aeneus,0,10000
51,小卷尾,Ma-01,Dicrurus aeneus,0,10000
52,小卷尾,Mb-01,Dicrurus aeneus,0,10000
53,小卷尾,Mc-01,Dicrurus aeneus,0,10000
55,小卷尾,U-01,Dicrurus aeneus,0,10000
56,小卷尾,U-02,Dicrurus aeneus,0,10000
57,小卷尾,U-03,Dicrurus aeneus,0,10000
368,黃腹琉璃,C-01,Niltava vivida,3065,6172
370,臺灣紫嘯鶇,S-01,Myophonus insularis,2139,5358
30,青背山雀,S-03,Parus monticolus,0,10000
42,臺灣白喉噪眉,C-01,Ianthocincla ruficeps,5114,6905
364,臺灣白喉噪眉,C-02,Ianthocincla ruficeps,2218,3685
125,石虎,C-01,Prionailurus bengalensis,0,10000
126,小白鷺,C-01,Egretta garzetta,485,2963
127,夜鷺,C-01,Nycticorax nycticorax,1176,2079
128,彩鷸,S-01,Rostratula benghalensis,0,10000
129,青足鷸,C-01,Tringa nebularia,0,10000
130,大赤鼯鼠,C-02,Petaurista philippensis,0,10000
59,綠畫眉,Ca-01,Erpornis zantholeuca,1968,7953
61,綠畫眉,U,Erpornis zantholeuca,0,10000
62,噪鵑,C-01,Eudynamys scolopaceus,956,2469
63,噪鵑,S-01,Eudynamys scolopaceus,959,1820
64,噪鵑,U-01,Eudynamys scolopaceus,0,10000
68,小鶯,U,Horornis fortipes,0,10000
69,小鶯,U-01,Horornis fortipes,0,10000
70,黑枕藍鶲,C-01,Hypothymis azurea,2241,4807
71,黑枕藍鶲,Ca-01,Hypothymis azurea,1258,7602
73,黑枕藍鶲,S-02,Hypothymis azurea,2191,5820
74,黑枕藍鶲,S-03,Hypothymis azurea,0,10000
75,黑枕藍鶲,U,Hypothymis azurea,0,10000
76,紅嘴黑鵯,C-01,Hypsipetes leucocephalus,3382,5035
78,紅嘴黑鵯,U-01,Hypsipetes leucocephalus,2661,6175
79,紅嘴黑鵯,U-02,Hypsipetes leucocephalus,2692,4702
80,紅嘴黑鵯,U-03,Hypsipetes leucocephalus,1502,7348
81,紅嘴黑鵯,U-04,Hypsipetes leucocephalus,1687,6025
82,紅嘴黑鵯,U-05,Hypsipetes leucocephalus,0,10000
83,紅嘴黑鵯,U-06,Hypsipetes leucocephalus,0,10000
87,紅尾伯勞,S-01,Lanius cristatus,0,10000
90,朱鸝,Cb-01,Oriolus traillii,846,3973
91,朱鸝,Cc-01,Oriolus traillii,853,9851
92,朱鸝,Cd-01,Oriolus traillii,735,8594
95,蘭嶼角鴞,S-01,Otus elegans,569,1029
96,蘭嶼角鴞,U-01,Otus elegans,0,10000
99,領角鴞,U,Otus lettia,447,1125
103,黃尾鴝,C-01,Phoenicurus auroreus,4672,6200
106,短尾鶯,S-01,Urosphena squameiceps,7605,9775
107,短尾鶯,Ca-01,Urosphena squameiceps,4579,9338
108,大冠鷲,U-01,Spilornis cheela,0,10000
109,大冠鷲,U-02,Spilornis cheela,2314,2870
111,大赤啄木,C-01,Dendrocopos leucotos,2830,4598
113,褐林鴞,C-01,Strix leptogrammica,568,1778
115,褐林鴞,S-01,Strix leptogrammica,228,582
116,東方灰林鴞,S-01,Strix nivicolum,320,769
117,小鸊鷉,U-01,Tachybaptus ruficollis,0,10000
119,黃胸藪眉,Cc-01,Liocichla steerii,0,10000
120,黃胸藪眉,Cd-01,Liocichla steerii,1584,2678
121,黃胸藪眉,D-01,Liocichla steerii,2942,4482
131,黃胸藪眉,ST-01,Liocichla steerii,2069,4312
133,栗背林鴝,Ca-02,Tarsiger johnstoniae,0,10000
136,栗背林鴝,S-02,Tarsiger johnstoniae,0,10000
137,栗背林鴝,S-03,Tarsiger johnstoniae,0,10000
138,栗背林鴝,S-04,Tarsiger johnstoniae,0,10000
139,栗背林鴝,S-05,Tarsiger johnstoniae,0,10000
140,栗背林鴝,S-06,Tarsiger johnstoniae,0,10000
141,小彎嘴,C-01,Pomatorhinus musicus,1768,3635
142,小彎嘴,S-01,Pomatorhinus musicus,820,2789
145,小彎嘴,S-04,Pomatorhinus musicus,1152,3452
147,小彎嘴,U-01,Pomatorhinus musicus,824,1262
148,臺灣竹雞,C-01,Bambusicola sonorivox,1151,2477
149,臺灣竹雞,Cb,Bambusicola sonorivox,838,1589
150,臺灣竹雞,Cc,Bambusicola sonorivox,1077,4672
151,臺灣竹雞,D-01,Bambusicola sonorivox,1172,3516
152,臺灣竹雞,S-01,Bambusicola sonorivox,1430,2985
153,臺灣竹雞,U-01,Bambusicola sonorivox,0,10000
154,緋秧雞,C-01,Zapornia fusca,0,10000
156,北方中杜鵑,Ca-01,Cuculus optatus,0,10000
157,北方中杜鵑,Cb-01,Cuculus optatus,431,1451
160,臺灣叢樹鶯,S-02,Locustella alishanensis,0,10000
161,臺灣叢樹鶯,S-03,Locustella alishanensis,0,10000
162,大彎嘴,C-01,Megapomatorhinus erythrocnemis,944,2658
163,大彎嘴,D-01,Megapomatorhinus erythrocnemis,1532,2528
165,大彎嘴,S-01,Megapomatorhinus erythrocnemis,0,10000
166,大彎嘴,S-02,Megapomatorhinus erythrocnemis,575,2426
168,大彎嘴,S-04,Megapomatorhinus erythrocnemis,0,10000
170,大彎嘴,S-06,Megapomatorhinus erythrocnemis,996,1986
171,大彎嘴,S-07,Megapomatorhinus erythrocnemis,0,10000
172,大彎嘴,S-08,Megapomatorhinus erythrocnemis,1102,2367
173,大彎嘴,S-09,Megapomatorhinus erythrocnemis,1407,2076
174,大彎嘴,S-10,Megapomatorhinus erythrocnemis,719,2160
175,臺灣噪眉,C-04,Trochalopteron morrisonianum,0,10000
176,臺灣噪眉,Ca-01,Trochalopteron morrisonianum,0,10000
177,臺灣噪眉,Cb-01,Trochalopteron morrisonianum,685,9620
178,臺灣噪眉,Cb-02,Trochalopteron morrisonianum,754,8157
310,小彎嘴,C-03,Pomatorhinus musicus,1297,2615
292,長吻松鼠,C-01,Dremomys pernyi,958,7034
294,領角鴞,S-02,Otus lettia,416,1373
306,八哥,C-01,Acridotheres cristatellus,2626,4007
309,小剪尾,C-01,Enicurus scouleri,4412,4928
302,黑長尾雉,S-01,Syrmaticus mikado,2053,9641
17,北方中杜鵑,C-02,Cuculus optatus,348,860
25,遠東樹鶯,C-02,Horornis borealis,0,10000
34,野鴝,C-02,Calliope calliope,897,5737
47,小卷尾,C-02,Dicrurus aeneus,0,10000
86,紅尾伯勞,C-02,Lanius cristatus,1440,4985
104,黃尾鴝,C-02,Phoenicurus auroreus,0,10000
114,褐林鴞,C-02,Strix leptogrammica,0,10000
185,黃山雀,C-02,Machlolophus holsti,3380,7001
209,小啄木,C-02,Dendrocopos canicapillus,0,10000
215,紅頭山雀,C-01,Aegithalos concinnus,6701,8497
216,紅頭山雀,C-02,Aegithalos concinnus,5123,8395
220,黃羽鸚嘴,Cd-01,Suthora verreauxi,2950,7524
224,白鶺鴒,Cc-01,Motacilla alba,4455,6498
225,白鶺鴒,Cd-01,Motacilla alba,4790,6959
256,莫氏樹蛙,S-01,Rhacophorus moltrechti,933,1655
257,翡翠樹蛙,S-01,Rhacophorus prasinatus,0,10000
259,多齒赤蛙,S-01,Pseudoamolops multidenticulatus,0,10000
260,豎琴蛙,S-01,Babina okinavana,495,3180
261,黑眶蟾蜍,S-01,Duttaphrynus melanostictus,806,3368
262,虎皮蛙,S-01,Hoplobatrachus rugulosus,435,2504
263,貢德氏赤蛙,S-01,Hylarana guentheri,162,3660
264,小雨蛙,S-01,Microhyla fissipes,947,4013
265,海蛙,S-01,Fejervarya cancrivora,232,4252
266,拉都希氏赤蛙,S-01,Hylarana latouchii,643,3674
267,臺北赤蛙,S-01,Hylarana taipehensis,941,8191
268,斯文豪氏赤蛙,S-01,Odorrana swinhoana,1472,6025
270,美洲牛蛙,S-01,Lithobates catesbeianus,83,4592
271,美國樹蟾,S-01,Hyla cinerea,0,10000
272,海蟾蜍,S-01,Rhinella marina,0,10000
273,金線蛙,S-01,Pelophylax fukienensis,0,10000
274,布氏樹蛙,S-01,Polypedates braueri,528,4168
275,碧眼樹蛙,S-01,Kurixalus berylliniris,2486,2847
276,王氏樹蛙,S-01,Kurixalus wangi,0,10000
277,亞洲錦蛙,S-01,Kaloula pulchra,68,3940
366,寬耳蝠,EL-01,Barbastella leucomelas,22957,69030
367,黃腹琉璃,S-01,Niltava vivida,3124,5400
164,熊鷹,S-01,Nisaetus nipalensis,1811,3505
65,鵂鶹,C-01,Glaucidium brodiei,831,1204
105,大冠鷲,S-01,Spilornis cheela,1285,2048
278,太田樹蛙,S-01,Buergeria otai,2988,3327
281,臺灣山鷓鴣,D-01,Arborophila crudigularis,0,10000
283,白面鼯鼠,S-01,Petaurista alborufus,981,4110
284,太田樹蛙,S-02,Buergeria otai,0,10000
143,小彎嘴,S-02,Pomatorhinus musicus,805,1487
110,珠頸斑鳩,S-01,Streptopelia chinensis,489,995
285,澤蛙,S-02,Fejervarya kawamurai,1055,3183
286,鷹斑鷸,C-01,Tringa glareola,2795,4379
287,臺灣梅花鹿,S-01,Cervus nippon,0,10000
288,臺灣梅花鹿,S-02,Cervus nippon,0,10000
291,鳳頭蒼鷹,C-01,Accipiter trivirgatus,4374,5765
98,領角鴞,S-01,Otus lettia,429,1071
159,臺灣叢樹鶯,S-01,Locustella alishanensis,2297,3775
94,蘭嶼角鴞,S-02,Otus elegans,675,1260
369,臺灣紫嘯鶇,C-01,Myophonus insularis,3095,5808
93,朱鸝,S-01,Oriolus traillii,447,909
296,松雀鷹,S-01,Accipiter virgatus,3276,4584
301,黑長尾雉,U-02,Syrmaticus mikado,0,10000
303,赤腹松鼠,C-01,Callosciurus erythraeus,1446,1910
305,灰胸秧雞,S-01,Gallirallus striatus,0,10000
312,董雞,S-01,Gallicrex cinerea,241,2617
316,紅鳩,S-01,Streptopelia tranquebarica,392,690
318,斑馬鳩,S-01,Geopelia striata,825,1368
319,斑馬鳩,U-01,Geopelia striata,891,1224
321,紅頭綠鳩,S-01,Treron formosae,531,987
322,小杜鵑,S-01,Cuculus poliocephalus,1276,2691
325,綠啄木,S-01,Picus canus,2117,2583
327,叉尾雨燕,C-01,Apus pacificus,3699,6013
330,家燕,C-01,Hirundo rustica,2982,6527
331,家燕,Ca-01,Hirundo rustica,3044,7681
332,家燕,C-02,Hirundo rustica,2407,5140
334,東方毛腳燕,C-01,Delichon dasypus,2060,7067
336,花翅山椒,C-01,Coracina macei,2681,8261
339,白環鸚嘴鵯,C-01,Spizixos semitorques,2009,4526
340,白頭翁,S-01,Pycnonotus sinensis,1294,3365
341,白頭翁,S-02,Pycnonotus sinensis,1364,3530
342,白頭翁,C-01,Pycnonotus sinensis,1472,6076
343,白頭翁,C-02,Pycnonotus sinensis,1064,5095
344,白頭翁,C-03,Pycnonotus sinensis,2555,4109
345,烏頭翁,S-01,Pycnonotus taivanus,1310,3514
346,烏頭翁,C-01,Pycnonotus taivanus,1479,4659
350,河烏,F-01,Cinclus pallasii,3936,7054
352,鷦鷯,C-01,Troglodytes troglodytes,4427,8008
353,岩鷚,S-01,Prunella collaris,2356,5595
354,岩鷚,Ca-01,Prunella collaris,2692,4778
355,岩鷚,Cb-01,Prunella collaris,3576,4637
356,岩鷚,F-01,Prunella collaris,2535,6647
436,茶腹鳾,Cb-01,Sitta europaea,6818,8829
437,茶腹鳾,Cc-01,Sitta europaea,6157,9269
439,綠啄花,C-01,Dicaeum minullum,4049,6189
440,綠啄花,C-02,Dicaeum minullum,3181,7467
443,紅胸啄花,Cb-01,Dicaeum ignipectus,5034,9240
444,冠羽畫眉,C-01,Yuhina brunneiceps,2224,5762
445,臺灣朱雀,S-01,Carpodacus formosanus,1856,2402
450,褐鷽,Cc-01,Pyrrhula nipalensis,2008,3590
452,褐鷽,Cd-01,Pyrrhula nipalensis,2184,4017
453,褐鷽,Ce-01,Pyrrhula nipalensis,2134,6048
454,山麻雀,Ca-01,Passer rutilans,2232,6270
455,山麻雀,Cb-01,Passer rutilans,3619,6808
462,麻雀,U-01,Passer montanus,2806,6028
464,黃鸝,C-01,Oriolus chinensis,1722,4081
466,大卷尾,Ca-01,Dicrurus macrocercus,0,10000
473,環頸雉,C-01,Phasianus colchicus,936,4546
474,環頸雉,C-02,Phasianus colchicus,777,4429
475,山羌,C-01,Muntiacus reevesi,667,1415
476,赤腹松鼠,C-02,Callosciurus erythraeus,1464,1936
478,小彎嘴,S-06,Pomatorhinus musicus,764,1381
479,小彎嘴,S-07,Pomatorhinus musicus,860,1232
480,小彎嘴,S-08,Pomatorhinus musicus,1229,3061
481,小彎嘴,S-09,Pomatorhinus musicus,1235,2508
482,小彎嘴,U-02,Pomatorhinus musicus,1324,2585
483,小彎嘴,S-10,Pomatorhinus musicus,0,10000
484,朱鸝,Ce-01,Oriolus traillii,0,10000
485,智人,MachineNoise,Homo sapiens,283,1364
486,智人,Speech_Song,Homo sapiens,184,1082
487,智人,UnKnownSound,Homo sapiens,10690,20615
488,智人,Environment,Homo sapiens,216,13329
489,白面鼯鼠,S-03,Petaurista alborufus,0,10000
490,白面鼯鼠,S-04,Petaurista alborufus,0,10000
491,褐鷹鴞,S-02,Ninox japonica,363,967
477,大赤鼯鼠,C-01,Petaurista philippensis,5015,13524
458,黃喉貂,C-01,Martes flavigula,1768,5009
457,大赤鼯鼠,C-03,Petaurista philippensis,465,1646
456,臺灣野山羊,C-01,Capricornis swinhoei,1382,3798
363,臺灣大蹄鼻蝠,EL-01,Rhinolophus formosae,37059,45157
449,臺灣小蹄鼻蝠,EL-01,Rhinolophus monoceros,90206,110635
295,黃頸蝠,EL-01,Arielulus torquatus,0,10000
496,臺灣管鼻蝠,EL-01,Murina puta,57542,125258
497,白腹鼠耳蝠,EL-01,Myotis laniger,37574,81640
498,東亞家蝠,EL-01,Pipistrellus abramus,44249,75106
499,臺灣長耳蝠,EL-01,Plecotus taivanus,27052,69928
500,高頭蝠,EL-01,Scotophilus kuhlii,37384,62429
501,霜毛蝠,EL-01,Vespertilio sinensis,23119,50634
502,印度犬果蝠,EL-01,Cynopterus sphinx,0,10000
503,彩蝠,EL-01,Kerivoula furva,88989,157211
504,長趾鼠耳蝠,EL-01,Myotis secundus,46002,86596
505,長尾鼠耳蝠,EL-01,Myotis frater,40371,105067
506,姬管鼻蝠,EL-01,Murina gracilis,66769,122780
507,山家蝠,EL-01,Pipistrellus montanus,0,10000
508,臺灣家蝠,EL-01,Pipistrellus taiwanensis,0,10000
509,游離尾蝠,EL-01,Tadarida insignis,14653,25141
510,棕果蝠,EL-01,Rousettus leschenaultii,0,10000
511,金芒管鼻蝠,EL-01,Harpiola isodon,68781,126143
512,灰伏翼,EL-01,Hypsugo pulveratus,0,10000
513,黃胸管鼻蝠,EL-01,Murina bicolor,0,10000
514,隱姬管鼻蝠,EL-01,Murina recondita,0,10000
515,大高頭蝠,EL-01,Scotophilus sp.,0,10000
516,寬吻鼠耳蝠,EL-01,Submyotodon latirostris,49248,96577
517,毛腿鼠耳蝠,EL-01,Myotis fimbriatus,39530,88015
518,紅棕鼠耳蝠,EL-01,Myotis soror,41870,94262
519,臺灣無尾葉鼻蝠,EL-01,Coelops frithii,0,10000
520,崛川氏棕蝠,EL-01,Eptesicus serotinus,25826,54737
521,臺灣葉鼻蝠,EL-01,Hipposideros armiger,62462,70272
522,東亞摺翅蝠,EL-01,Miniopterus schreibersii,47549,91339
523,金黃鼠耳蝠,EL-01,Myotis formosus,33137,71384
524,渡瀨氏鼠耳蝠,EL-01,Myotis rufoniger,43736,117181
525,絨山蝠,EL-01,Nyctalus plancyi,21461,33142
526,臺灣狐蝠,EL-01,Pteropus dasymallus,0,10000
414,大卷尾,S-02,Dicrurus macrocercus,0,10000
529,疣尾蝎虎,C-01,Hemidactylus frenatus,1611,4952
530,白腰鵲鴝,S-01,Copsychus malabaricus,1929,2760
472,黃魚鴞,S-01,Ketupa flavipes,71,423
531,草鴞,C-02,Tyto longimembris,929,5193
532,小綠鳩,S-01,Ptilinopus leclancheri,134,940
528,褐林鴞,U-01,Strix leptogrammica,221,831
533,黃魚鴞,C-01,Ketupa flavipes,2426,5741
101,黃嘴角鴞,S-01,Otus spilocephalus,1358,1748
100,黃嘴角鴞,C-01,Otus spilocephalus,1233,1834
102,黃嘴角鴞,U-01,Otus spilocephalus,1287,3273
66,鵂鶹,S-01,Glaucidium brodiei,829,1228
238,灰腳秧雞,S-01,Rallina eurizonoides,533,1350
88,褐鷹鴞,S-01,Ninox japonica,410,813
538,智人,其他蝙蝠,Homo sapiens,26466,61049
545,智人,長耳寬耳,Homo sapiens,0,10000
544,智人,鼠耳蝠,Homo sapiens,0,10000
543,智人,山家台灣家,Homo sapiens,0,10000
314,灰林鴿,S-01,Columba pulchricollis,141,457
542,智人,霜毛絨山,Homo sapiens,0,10000
541,智人,家蝠摺翅,Homo sapiens,0,10000
540,智人,管鼻蝠,Homo sapiens,0,10000
537,智人,LF <24k,Homo sapiens,19208,29939
536,智人,LF >60k,Homo sapiens,70282,87708
535,智人,LF 36-60k,Homo sapiens,44101,65858
534,智人,LF 24-36k,Homo sapiens,29489,44824
311,白腹秧雞,C-01,Amaurornis phoenicurus,618,1785
329,小雲雀,C-01,Alauda gulgula,3614,6390
335,赤腰燕,C-01,Cecropis striolata,2493,4521
461,麻雀,C-03,Passer montanus,1897,3095
446,臺灣朱雀,C-01,Carpodacus formosanus,5549,6701
442,紅胸啄花,C-01,Dicaeum ignipectus,3095,11575
435,茶腹鳾,C-01,Sitta europaea,2464,6700
299,藍腹鷴,U-02,Lophura swinhoii,2363,7571
320,綠鳩,S-01,Treron sieboldii,650,1044
467,松鴉,C-01,Garrulus glandarius,1370,8644
357,鉛色水鶇,S-01,Phoenicurus fuliginosus,3138,7801
349,河烏,C-01,Cinclus pallasii,3680,5231
122,黃胸藪眉,S-01,Liocichla steerii,2574,5671
403,臺灣鷦眉,S-01,Pnoepyga formosana,4078,6330
9,白耳畫眉,S-01,Heterophasia auricularis,1913,4352
324,冠羽畫眉,S-01,Yuhina brunneiceps,2068,4983
16,北方中杜鵑,C-01,Cuculus optatus,312,768
19,北方中杜鵑,S-01,Cuculus optatus,348,673
546,毛翼管鼻蝠,EL-01,Harpiocephalus harpia,35892,117511
547,小鵪鶉,S-01,Synoicus chinensis,1903,3034
548,小鵪鶉,S-02,Synoicus chinensis,2186,3353
549,小鵪鶉,S-03,Synoicus chinensis,938,1522
551,臺灣水鹿,C-01,Rusa unicolor,1143,2633
552,臺灣水鹿,C-02,Rusa unicolor,546,1811
553,小環頸鴴,C-01,Charadrius dubius,2201,3429
213,青背山雀,S-01,Parus monticolus,3277,4665
556,斯文豪氏赤蛙,S-02,Odorrana swinhoana,262,1175
118,黃胸藪眉,C-01,Liocichla steerii,2012,6667
207,山紅頭,S-01,Cyanoderma ruficeps,1894,2265
6,八色鳥,S-01,Pitta nympha,1326,2416
28,五色鳥,S-01,Psilopogon nuchalis,739,1272
39,南亞夜鷹,S-01,Caprimulgus affinis,2374,5472
465,大卷尾,S-01,Dicrurus macrocercus,1715,4645
167,大彎嘴,S-03,Megapomatorhinus erythrocnemis,1123,2029
144,小彎嘴,S-03,Pomatorhinus musicus,1551,2844
199,小雨燕,C-01,Apus nipalensis,3627,6195
471,巨嘴鴉,C-01,Corvus macrorhynchos,442,1630
84,林鵰,S-01,Ictinaetus malaiensis,1691,2607
132,栗背林鴝,C-01,Tarsiger johnstoniae,2784,4301
134,栗背林鴝,C-02,Tarsiger johnstoniae,1228,5296
558,棕扇尾鶯,S-03,Cisticola juncidis,5373,8741
557,棕扇尾鶯,S-02,Cisticola juncidis,4922,7951
410,棕扇尾鶯,S-01,Cisticola juncidis,4490,4862
347,棕背伯勞,C-01,Lanius schach,1533,5212
559,深山鶯,S-01b,Horornis acanthizoides,3359,4224
212,深山鶯,C-01,Horornis acanthizoides,3476,9359
323,番鵑,S-01,Centropus bengalensis,622,1135
307,白腹秧雞,S-01,Amaurornis phoenicurus,699,1243
308,白腹秧雞,S-02,Amaurornis phoenicurus,682,1108
184,黑翅鳶,S-01,Elanus caeruleus,2238,3280
560,黑翅鳶,C-01,Elanus caeruleus,908,3807
383,白鶺鴒,C-01,Motacilla alba,3184,7223
313,紅冠水雞,C-01,Gallinula chloropus,1072,3558
85,紅尾伯勞,C-01,Lanius cristatus,2707,7320
235,斯氏繡眼,C-02,Zosterops simplex,3835,6392
279,臺灣山鷓鴣,S-01,Arborophila crudigularis,991,1940
123,臺灣山鷓鴣,S-03,Arborophila crudigularis,1525,2367
419,褐頭鷦鶯,S-01,Prinia inornata,3629,5832
97,領角鴞,C-01,Otus lettia,4314,10489
72,黑枕藍鶲,S-01,Hypothymis azurea,2107,6373
297,松雀鷹,C-01,Accipiter virgatus,3059,4270
67,小鶯,S-01,Horornis fortipes,1644,5239
561,中白鷺,C-01,Mesophoyx intermedia,664,1505
562,磯鷸,C-01,Actitis hypoleucos,4610,5569
563,東方黃鶺鴒,C-01,Motacilla tschutschensis,4582,7383
565,灰鶺鴒,C-01,Motacilla cinerea,4997,7777
564,智人,H-01,Homo sapiens,102,1143
566,黑臉鵐,C-01,Emberiza spodocephala,7020,10053
567,花嘴鴨,C-01,Anas zonorhyncha,742,2704
328,小雲雀,S-01,Alauda gulgula,2675,6896
555,斑文鳥,C-01,Lonchura punctulata,3443,4209
568,小雲雀,S-01a,Alauda gulgula,2517,6344
569,小雲雀,S-01b,Alauda gulgula,2403,6403
570,小雲雀,S-01c,Alauda gulgula,2759,6450
571,棕沙燕,C-01,Riparia chinensis,2861,7246
333,洋燕,C-01,Hirundo tahitica,2041,6851
416,斑紋鷦鶯,S-01,Prinia crinigera,2882,7510
418,斑紋鷦鶯,U-01,Prinia crinigera,1729,7740
412,黃頭扇尾鶯,S-01a,Cisticola exilis,1466,7798
572,黃頭扇尾鶯,S-01b,Cisticola exilis,1563,3694
223,灰頭鷦鶯,S-01,Prinia flaviventris,2087,8133
222,灰頭鷦鶯,C-02,Prinia flaviventris,1832,5036
573,灰頭鷦鶯,S-01a,Prinia flaviventris,1848,9372
459,麻雀,C-01,Passer montanus,3094,6005
460,麻雀,C-02,Passer montanus,2700,7990
554,白腰文鳥,C-01,Lonchura striata,3439,5091
447,臺灣朱雀,U-01,Carpodacus formosanus,2309,3431
451,灰鷽,C-01,Pyrrhula erythaca,2286,3003
448,褐鷽,S-01,Pyrrhula nipalensis,2161,4637
441,紅胸啄花,S-01,Dicaeum ignipectus,4697,8712
438,綠啄花,S-01,Dicaeum minullum,5703,8000
373,白頭鶇,C-01,Turdus niveiceps,1496,2847
574,黃胸青鶲,C-01,Ficedula hyperythra,7546,8318
365,黃胸青鶲,S-01,Ficedula hyperythra,5123,7845
361,白尾鴝,S-01,Cinclidium leucurum,2922,4911
362,白尾鴝,C-01,Cinclidium leucurum,4279,4652
374,小翼鶇,S-01,Brachypteryx goodfellowi,1493,5817
401,紋翼畫眉,C-01,Actinodura morrisoniana,2748,8696
182,臺灣噪眉,S-01,Trochalopteron morrisonianum,2016,3406
22,繡眼畫眉,S-01,Alcippe morrisonia,2678,6898
575,繡眼畫眉,C-03,Alcippe morrisonia,2094,5782
21,繡眼畫眉,C-02,Alcippe morrisonia,3972,6721
387,黃羽鸚嘴,C-01,Suthora verreauxi,3693,6468
576,黃羽鸚嘴,C-03,Suthora verreauxi,3955,5832
338,白環鸚嘴鵯,S-01,Spizixos semitorques,1700,4056
351,鷦鷯,S-01,Troglodytes troglodytes,3424,8488
432,茶腹鳾,S-01,Sitta europaea,2703,3807
431,赤腹山雀,C-01,Sittiparus castaneoventris,6124,8740
298,藍腹鷴,U-01,Lophura swinhoii,537,1436
300,黑長尾雉,U-01,Syrmaticus mikado,322,1374
290,鳳頭蒼鷹,S-01,Accipiter trivirgatus,2898,4389
317,翠翼鳩,S-01,Chalcophaps indica,332,552
60,綠畫眉,S-01,Erpornis zantholeuca,5167,7407
463,黃鸝,S-01,Oriolus chinensis,1085,2553
54,小卷尾,S-01,Dicrurus aeneus,1616,3841
468,臺灣藍鵲,C-01,Urocissa caerulea,1546,4166
40,樹鵲,C-01,Dendrocitta formosae,1463,2664
41,樹鵲,C-02,Dendrocitta formosae,1484,2892
469,星鴉,C-01,Nucifraga caryocatactes,1176,3720
470,星鴉,C-02,Nucifraga caryocatactes,1397,3228
385,粉紅鸚嘴,C-01,Sinosuthora webbiana,2658,8669